"text","intent"
"What's the current status of the main power supply?","INTENT1_REALTIME"
"Show me the present beam current.","INTENT1_REALTIME"
"Is the cryo-system operating within parameters?","INTENT1_REALTIME"
"Give me the real-time temperature of the focusing magnets.","INTENT1_REALTIME"
"What's the instantaneous pressure in the vacuum chamber?","INTENT1_REALTIME"
"Display the current status of all safety interlocks.","INTENT1_REALTIME"
"Are all RF cavities synchronized right now?","INTENT1_REALTIME"
"What's the latest reading from the beam position monitors?","INTENT1_REALTIME"
"Is the cooling system running at optimal efficiency presently?","INTENT1_REALTIME"
"Provide an immediate readout of the accelerator's uptime.","INTENT1_REALTIME"
"Tell me the current luminosity.","INTENT1_REALTIME"
"What's the live status of the extraction system?","INTENT1_REALTIME"
"Are there any alarms active right now?","INTENT1_REALTIME"
"Show the instantaneous particle count.","INTENT1_REALTIME"
"Is the injection system in operation?","INTENT1_REALTIME"
"What's the current status of the data acquisition system?","INTENT1_REALTIME"
"Display the real-time energy stability.","INTENT1_REALTIME"
"Give me the live diagnostic data for the vacuum pumps.","INTENT1_REALTIME"
"Is the beamline clear?","INTENT1_REALTIME"
"What's the current state of the main control valve?","INTENT1_REALTIME"
"Show me the immediate power consumption.","INTENT1_REALTIME"
"Are the collimators in position?","INTENT1_REALTIME"
"What's the current radiation level near the experimental hall?","INTENT1_REALTIME"
"Is the ion source active?","INTENT1_REALTIME"
"Give me the current reading from the superconducting magnet sensors.","INTENT1_REALTIME"
"What's the real-time status of the beam dump?","INTENT1_REALTIME"
"Display the present status of all RF amplifiers.","INTENT1_REALTIME"
"Are the beam stoppers engaged?","INTENT1_REALTIME"
"What's the current vacuum level in section A?","INTENT1_REALTIME"
"Show me the instantaneous temperature of the superconducting coils.","INTENT1_REALTIME"
"Is the beam stable at the moment?","INTENT1_REALTIME"
"Give me the live data from the particle detectors.","INTENT1_REALTIME"
"What's the current status of the safety doors?","INTENT1_REALTIME"
"Display the present status of the power converters.","INTENT1_REALTIME"
"Are there any active interlocks for the injection line?","INTENT1_REALTIME"
"Show me the real-time data for the cooling water flow.","INTENT1_REALTIME"
"What's the current operational mode of the accelerator?","INTENT1_REALTIME"
"Is the target assembly cooled down?","INTENT1_REALTIME"
"Give me the current status of the timing system.","INTENT1_REALTIME"
"Display the live readout of the beam energy spread.","INTENT1_REALTIME"
"Are the vacuum pumps at optimal pressure?","INTENT1_REALTIME"
"What's the current status of the control room monitors?","INTENT1_REALTIME"
"Show me the instantaneous reading of the magnet current.","INTENT1_REALTIME"
"Is the accelerator ready for injection?","INTENT1_REALTIME"
"Give me the current status of the beam transport line.","INTENT1_REALTIME"
"Display the real-time data for the beam loss monitors.","INTENT1_REALTIME"
"Are all diagnostic tools online?","INTENT1_REALTIME"
"What's the current status of the experimental setup?","INTENT1_REALTIME"
"Show me the instantaneous power consumption of the RF system.","INTENT1_REALTIME"
"Is the accelerator in standby mode?","INTENT1_REALTIME"
"Give me the current data on beam emittance.","INTENT1_REALTIME"
"What's the live status of the electron source?","INTENT1_REALTIME"
"Display the current status of the ion gauges.","INTENT1_REALTIME"
"Are the beam diagnostic systems active?","INTENT1_REALTIME"
"Show me the current temperature of the beam pipe.","INTENT1_REALTIME"
"Is the accelerator performing as expected right now?","INTENT1_REALTIME"
"What's the real-time status of the magnet power supplies?","INTENT1_REALTIME"
"Give me the instantaneous reading of the radiation detectors.","INTENT1_REALTIME"
"Display the current status of the high-voltage systems.","INTENT1_REALTIME"
"Are the beam-shaping magnets energized?","INTENT1_REALTIME"
"Show me the current status of the beam position feedback loop.","INTENT1_REALTIME"
"What's the live status of the beam collimation system?","INTENT1_REALTIME"
"Is the target engaged?","INTENT1_REALTIME"
"Give me the current data from the beam profile monitor.","INTENT1_REALTIME"
"Display the real-time status of the injection kicker.","INTENT1_REALTIME"
"Are the vacuum valves closed?","INTENT1_REALTIME"
"What's the current status of the control system network?","INTENT1_REALTIME"
"Show me the instantaneous reading of the cryostat temperature.","INTENT1_REALTIME"
"Is the machine in a stable state?","INTENT1_REALTIME"
"Give me the current data for the electron gun.","INTENT1_REALTIME"
"What's the live status of the beam steering magnets?","INTENT1_REALTIME"
"Display the current status of the interlock system.","INTENT1_REALTIME"
"Are all safety systems armed?","INTENT1_REALTIME"
"Show me the real-time status of the experimental apparatus.","INTENT1_REALTIME"
"What's the current status of the beam dump cooling?","INTENT1_REALTIME"
"Is the main RF generator on?","INTENT1_REALTIME"
"Give me the current data from the beam current monitor.","INTENT1_REALTIME"
"Display the live status of the beamline vacuum.","INTENT1_REALTIME"
"Are the particle detectors reporting data?","INTENT1_REALTIME"
"What's the current status of the beam energy recovery system?","INTENT1_REALTIME"
"Show me the instantaneous reading of the magnet field strength.","INTENT1_REALTIME"
"Is the accelerator performing well right now?","INTENT1_REALTIME"
"Give me the current data on the beam power.","INTENT1_REALTIME"
"What's the live status of the target chamber?","INTENT1_REALTIME"
"Display the current status of the beam line diagnostics.","INTENT1_REALTIME"
"Are the vacuum pumps running?","INTENT1_REALTIME"
"Show me the real-time status of the power distribution system.","INTENT1_REALTIME"
"What's the current status of the safety barriers?","INTENT1_REALTIME"
"Is the beam being accelerated?","INTENT1_REALTIME"
"Give me the current data from the electron beam monitor.","INTENT1_REALTIME"
"Display the live status of the beam position.","INTENT1_REALTIME"
"Are the RF systems operational?","INTENT1_REALTIME"
"What's the current status of the main cooling lines?","INTENT1_REALTIME"
"Show me the instantaneous reading of the beam energy.","INTENT1_REALTIME"
"Is the accelerator within operating limits?","INTENT1_REALTIME"
"Give me the current data from the ion beam monitor.","INTENT1_REALTIME"
"What's the live status of the experimental area access.","INTENT1_REALTIME"
"Display the current status of the beam current control.","INTENT1_REALTIME"
"Are the beam optics adjusted?","INTENT1_REALTIME"
"Show me the real-time status of the interlock system.","INTENT1_REALTIME"
"What was the average beam current over the past month?","INTENT2_ANALYTICAL"
"Can you show me the historical temperature trends for the RF cavities?","INTENT2_ANALYTICAL"
"Provide a report on system uptime percentages for the last quarter.","INTENT2_ANALYTICAL"
"What's the long-term trend of the vacuum pressure in the main ring?","INTENT2_ANALYTICAL"
"Analyze the power consumption data from the last year.","INTENT2_ANALYTICAL"
"Show me the average beam energy stability over the last week.","INTENT2_ANALYTICAL"
"What was the maximum beam loss observed in the last 6 months?","INTENT2_ANALYTICAL"
"Generate a graph of magnet field fluctuations over the previous 90 days.","INTENT2_ANALYTICAL"
"How many hours was the accelerator in a maintenance state last year?","INTENT2_ANALYTICAL"
"Give me the statistics on particle yield per experiment for the past five years.","INTENT2_ANALYTICAL"
"What's the historical performance of the cryo-system efficiency?","INTENT2_ANALYTICAL"
"Show me the trend of integrated luminosity over the past three fiscal quarters.","INTENT2_ANALYTICAL"
"Provide a summary of beam trips per operating day for the last year.","INTENT2_ANALYTICAL"
"What was the average time to recover from a system fault last month?","INTENT2_ANALYTICAL"
"Analyze the historical data for electron gun emissions.","INTENT2_ANALYTICAL"
"Show me the seasonal variations in cooling water temperature.","INTENT2_ANALYTICAL"
"What's the correlation between beam energy and power consumption historically?","INTENT2_ANALYTICAL"
"Generate a report on the total radiation dose accumulated in the last decade.","INTENT2_ANALYTICAL"
"How has the accelerator's uptime varied over its operational lifetime?","INTENT2_ANALYTICAL"
"Give me a breakdown of operational modes and their duration over the past year.","INTENT2_ANALYTICAL"
"What's the historical distribution of vacuum leaks by section?","INTENT2_ANALYTICAL"
"Show me the average response time of the control system for the last six months.","INTENT2_ANALYTICAL"
"Provide a comparison of beam current stability between different experimental runs.","INTENT2_ANALYTICAL"
"What was the peak beam intensity recorded last year?","INTENT2_ANALYTICAL"
"Analyze the historical data of magnet coil temperatures during operation.","INTENT2_ANALYTICAL"
"Show me the trend of accumulated particle dosage on specific components.","INTENT2_ANALYTICAL"
"What's the statistical distribution of interlock activations over the past two years?","INTENT2_ANALYTICAL"
"Generate a summary of beam steering corrections applied daily last quarter.","INTENT2_ANALYTICAL"
"How many hours has the main RF amplifier been operating beyond specified limits historically?","INTENT2_ANALYTICAL"
"Give me a historical overview of target replacement frequencies.","INTENT2_ANALYTICAL"
"What's the long-term trend in radiation background levels around the facility?","INTENT2_ANALYTICAL"
"Show me the statistical analysis of beam position monitor accuracy over time.","INTENT2_ANALYTICAL"
"Provide a report on the efficiency of the energy recovery system since its installation.","INTENT2_ANALYTICAL"
"What was the average time to reach full energy after a cold start over the last year?","INTENT2_ANALYTICAL"
"Analyze the historical data of ion source lifetime.","INTENT2_ANALYTICAL"
"Show me the trend of cooling system power usage over the past 18 months.","INTENT2_ANALYTICAL"
"What's the historical relationship between external temperature and accelerator performance?","INTENT2_ANALYTICAL"
"Generate a report on the number of times safety systems were engaged per month.","INTENT2_ANALYTICAL"
"How many different experiments ran on the accelerator last year?","INTENT2_ANALYTICAL"
"Give me a historical breakdown of power outages and their impact on operation.","INTENT2_ANALYTICAL"
"What's the average number of beam current fluctuations per hour over the last six months?","INTENT2_ANALYTICAL"
"Show me the historical data of particle beam divergence.","INTENT2_ANALYTICAL"
"Provide a summary of the beam energy spectrum over the last set of experiments.","INTENT2_ANALYTICAL"
"What was the average vacuum pump run time before failure historically?","INTENT2_ANALYTICAL"
"Analyze the historical data of beamline contamination levels.","INTENT2_ANALYTICAL"
"Show me the trend of magnet degaussing cycles over the past five years.","INTENT2_ANALYTICAL"
"What's the statistical likelihood of a specific component failure based on historical data?","INTENT2_ANALYTICAL"
"Generate a report on the cumulative beam exposure for different beamline elements.","INTENT2_ANALYTICAL"
"How often have control system software updates occurred and what was their impact?","INTENT2_ANALYTICAL"
"Give me a historical overview of major hardware upgrades and their performance impact.","INTENT2_ANALYTICAL"
"What's the average integrated beam current for experiments conducted last year?","INTENT2_ANALYTICAL"
"Show me the historical trend of RF power amplifier efficiency.","INTENT2_ANALYTICAL"
"Provide a comparison of beam stability across different experimental configurations.","INTENT2_ANALYTICAL"
"What was the lowest vacuum pressure achieved during operations last year?","INTENT2_ANALYTICAL"
"Analyze the historical data of cryostat insulation vacuum performance.","INTENT2_ANALYTICAL"
"Show me the trend of beam spot size measurements over time.","INTENT2_ANALYTICAL"
"What's the statistical summary of beam loss locations over the past year?","INTENT2_ANALYTICAL"
"Generate a report on the total energy consumed by the cooling plant monthly.","INTENT2_ANALYTICAL"
"How many hours was the accelerator operated in pulsed mode last quarter?","INTENT2_ANALYTICAL"
"Give me a historical report on the number of personnel entries into shielded areas.","INTENT2_ANALYTICAL"
"What's the average beam emittance for different operational modes historically?","INTENT2_ANALYTICAL"
"Show me the statistical breakdown of power converter trips by type.","INTENT2_ANALYTICAL"
"Provide a summary of the total integrated charge delivered by the electron gun last month.","INTENT2_ANALYTICAL"
"What was the longest continuous operation period without a major fault last year?","INTENT2_ANALYTICAL"
"Analyze the historical data of vibration levels in critical components.","INTENT2_ANALYTICAL"
"Show me the trend of superconducting magnet training quenches over time.","INTENT2_ANALYTICAL"
"What's the statistical correlation between RF power and beam energy over historical runs?","INTENT2_ANALYTICAL"
"Generate a report on the number of times beam interlocks were triggered due to external factors.","INTENT2_ANALYTICAL"
"How many beam hours were logged for high-energy physics experiments last year?","INTENT2_ANALYTICAL"
"Give me a historical analysis of beam steering effectiveness.","INTENT2_ANALYTICAL"
"What's the average time required for vacuum recovery after a vent historically?","INTENT2_ANALYTICAL"
"Show me the trend of radiation levels around the beam dump over the past six months.","INTENT2_ANALYTICAL"
"Provide a summary of the total number of experimental shifts run last quarter.","INTENT2_ANALYTICAL"
"What was the average peak current delivered by the ion source historically?","INTENT2_ANALYTICAL"
"Analyze the historical data of power supply ripple and its impact on beam quality.","INTENT2_ANALYTICAL"
"Show me the trend of target material degradation over its operational life.","INTENT2_ANALYTICAL"
"What's the statistical breakdown of vacuum incidents by component type?","INTENT2_ANALYTICAL"
"Generate a report on the number of times emergency shutdowns were initiated last year.","INTENT2_ANALYTICAL"
"How often have beamline components required replacement historically?","INTENT2_ANALYTICAL"
"Give me a historical overview of the accelerator's energy consumption per operating hour.","INTENT2_ANALYTICAL"
"What's the average time taken for beam tuning and optimization over the last year?","INTENT2_ANALYTICAL"
"Show me the historical data of control system latency.","INTENT2_ANALYTICAL"
"Provide a summary of the beam energy distribution over the last experimental campaign.","INTENT2_ANALYTICAL"
"What was the longest period the accelerator operated without a vacuum event?","INTENT2_ANALYTICAL"
"Analyze the historical data of beam current fluctuations during different operational phases.","INTENT2_ANALYTICAL"
"Show me the trend of accelerator efficiency over the past five years.","INTENT2_ANALYTICAL"
"What's the statistical analysis of component lifespan for magnet coils?","INTENT2_ANALYTICAL"
"Generate a report on the total number of beam hours delivered to specific experimental areas.","INTENT2_ANALYTICAL"
"How many different beam energies were utilized last year?","INTENT2_ANALYTICAL"
"Give me a historical breakdown of the types of experiments conducted.","INTENT2_ANALYTICAL"
"What's the average time for beam injection setup historically?","INTENT2_ANALYTICAL"
"Show me the historical data of beam halo formation.","INTENT2_ANALYTICAL"
"Provide a summary of beam diagnostic system performance metrics over the last quarter.","INTENT2_ANALYTICAL"
"What was the last fault recorded in the main vacuum system?","INTENT3_FAULTINFO"
"When did the last RF system trip occur?","INTENT3_FAULTINFO"
"Show recent errors related to the magnet power supplies.","INTENT3_FAULTINFO"
"What caused the beam loss event yesterday?","INTENT3_FAULTINFO"
"Are there any open fault tickets for the cryo-plant?","INTENT3_FAULTINFO"
"Describe the last interlock activation on the beamline.","INTENT3_FAULTINFO"
"What were the circumstances of the last power converter failure?","INTENT3_FAULTINFO"
"When was the last time the cooling system reported a low flow alarm?","INTENT3_FAULTINFO"
"Show me a list of all beam trips in the last 24 hours.","INTENT3_FAULTINFO"
"What's the resolution status of the vacuum leak in Sector 3?","INTENT3_FAULTINFO"
"Tell me about the last fault with the electron gun.","INTENT3_FAULTINFO"
"When did the emergency shutdown system last engage?","INTENT3_FAULTINFO"
"Show me any recent issues with the data acquisition system.","INTENT3_FAULTINFO"
"What kind of fault occurred in the ion source two days ago?","INTENT3_FAULTINFO"
"Were there any errors reported by the beam position monitors recently?","INTENT3_FAULTINFO"
"Describe the fault that caused the accelerator to go offline last week.","INTENT3_FAULTINFO"
"When was the last time a radiation interlock was triggered?","INTENT3_FAULTINFO"
"Show me a list of recurring faults in the RF amplifiers.","INTENT3_FAULTINFO"
"What's the diagnostic report for the last target assembly failure?","INTENT3_FAULTINFO"
"Are there any unresolved faults in the timing system?","INTENT3_FAULTINFO"
"Tell me about the last vacuum pump malfunction.","INTENT3_FAULTINFO"
"When did the last beam halo incident happen?","INTENT3_FAULTINFO"
"Show me any recent issues with the beam dump.","INTENT3_FAULTINFO"
"What was the nature of the fault in the injector system last night?","INTENT3_FAULTINFO"
"Were there any alarms from the superconducting magnet sensors recently?","INTENT3_FAULTINFO"
"Describe the last fault event for the beam steering magnets.","INTENT3_FAULTINFO"
"When was the last time a component in the main ring failed?","INTENT3_FAULTINFO"
"Show me a list of all faults related to the experimental area.","INTENT3_FAULTINFO"
"What's the root cause analysis for the latest power fluctuation?","INTENT3_FAULTINFO"
"Are there any outstanding issues with the safety interlocks?","INTENT3_FAULTINFO"
"Tell me about the last fault in the control system network.","INTENT3_FAULTINFO"
"When did the last fault related to the collimators occur?","INTENT3_FAULTINFO"
"Show me any recent errors reported by the beam current monitors.","INTENT3_FAULTINFO"
"What kind of fault caused the beam to destabilize earlier today?","INTENT3_FAULTINFO"
"Were there any warnings from the high-voltage power supplies?","INTENT3_FAULTINFO"
"Describe the fault that led to the last unscheduled downtime.","INTENT3_FAULTINFO"
"When was the last time a diagnostic tool reported an error?","INTENT3_FAULTINFO"
"Show me a list of faults affecting the beam energy stability.","INTENT3_FAULTINFO"
"What's the status of the fault reported on the main cooling lines?","INTENT3_FAULTINFO"
"Are there any pending fault repairs for the beam profile monitors?","INTENT3_FAULTINFO"
"Tell me about the last fault with the injection kicker.","INTENT3_FAULTINFO"
"When did the last magnet quench happen?","INTENT3_FAULTINFO"
"Show me any recent issues with the power distribution system.","INTENT3_FAULTINFO"
"What was the nature of the fault that triggered the last personnel evacuation?","INTENT3_FAULTINFO"
"Were there any reported issues with the beam transport line?","INTENT3_FAULTINFO"
"Describe the fault that occurred in the vacuum valve system.","INTENT3_FAULTINFO"
"When was the last time a critical sensor failed?","INTENT3_FAULTINFO"
"Show me a list of faults that have occurred multiple times this month.","INTENT3_FAULTINFO"
"What's the resolution for the fault in the beam energy recovery system?","INTENT3_FAULTINFO"
"Are there any open fault reports for the magnet field sensors?","INTENT3_FAULTINFO"
"Tell me about the last fault involving the electron beam monitor.","INTENT3_FAULTINFO"
"When did the last fault with the main switchgear occur?","INTENT3_FAULTINFO"
"Show me any recent errors from the ion gauges.","INTENT3_FAULTINFO"
"What kind of fault was reported by the beam loss monitors?","INTENT3_FAULTINFO"
"Were there any issues with the target cooling system recently?","INTENT3_FAULTINFO"
"Describe the fault that caused the beam to deviate from its path.","INTENT3_FAULTINFO"
"When was the last time an interlock was bypassed due to a fault?","INTENT3_FAULTINFO"
"Show me a list of all faults impacting experimental data quality.","INTENT3_FAULTINFO"
"What's the diagnostic data for the last fault in the control electronics?","INTENT3_FAULTINFO"
"Are there any unresolved issues with the safety barriers?","INTENT3_FAULTINFO"
"Tell me about the last fault with the beam position feedback loop.","INTENT3_FAULTINFO"
"When did the last fault with the cryostat vacuum occur?","INTENT3_FAULTINFO"
"Show me any recent errors related to the RF power amplifiers.","INTENT3_FAULTINFO"
"What was the nature of the fault in the beam collimation system?","INTENT3_FAULTINFO"
"Were there any reported issues with the experimental apparatus?","INTENT3_FAULTINFO"
"Describe the fault that led to the last beam trip and its recovery.","INTENT3_FAULTINFO"
"When was the last time a software bug caused an operational fault?","INTENT3_FAULTINFO"
"Show me a list of faults affecting the accelerator's uptime last quarter.","INTENT3_FAULTINFO"
"What's the status of the fault with the beam current control system?","INTENT3_FAULTINFO"
"Are there any pending fault analyses for the vacuum chamber?","INTENT3_FAULTINFO"
"Tell me about the last fault with the beam halo detector.","INTENT3_FAULTINFO"
"When did the last fault with the beam optical system occur?","INTENT3_FAULTINFO"
"Show me any recent errors from the main generator.","INTENT3_FAULTINFO"
"What kind of fault was reported by the superconducting coil sensors?","INTENT3_FAULTINFO"
"Were there any issues with the beam diagnostic system's reporting?","INTENT3_FAULTINFO"
"Describe the fault that caused the accelerator to operate below nominal energy.","INTENT3_FAULTINFO"
"When was the last time a cooling fluid leak was detected?","INTENT3_FAULTINFO"
"Show me a list of all minor faults in the past week.","INTENT3_FAULTINFO"
"What's the resolution of the fault impacting beam injection efficiency?","INTENT3_FAULTINFO"
"Are there any open fault tickets for the beamline alignment system?","INTENT3_FAULTINFO"
"Tell me about the last fault with the target engagement mechanism.","INTENT3_FAULTINFO"
"When did the last fault with the radiation shielding occur?","INTENT3_FAULTINFO"
"Show me any recent errors with the ion beam monitor.","INTENT3_FAULTINFO"
"What was the nature of the fault in the beam energy distribution system?","INTENT3_FAULTINFO"
"Were there any reported issues with the experimental control system?","INTENT3_FAULTINFO"
"Describe the fault that led to the last unexpected beam shutdown.","INTENT3_FAULTINFO"
"When was the last time a component reached its end-of-life fault?","INTENT3_FAULTINFO"
"Show me a list of faults that required external vendor support.","INTENT3_FAULTINFO"
"What's the status of the fault impacting the accelerator's magnetic field stability?","INTENT3_FAULTINFO"
"Are there any pending fault analyses for the vacuum system components?","INTENT3_FAULTINFO"
"What is a superconducting magnet?","INTENT4_DOMAININFO"
"How does a quadrupole focusing magnet work?","INTENT4_DOMAININFO"
"Explain the principle of strong focusing in particle accelerators.","INTENT4_DOMAININFO"
"What is beam emittance?","INTENT4_DOMAININFO"
"Describe the function of an RF cavity in accelerating particles.","INTENT4_DOMAININFO"
"What is synchrotron radiation and why is it problematic?","INTENT4_DOMAININFO"
"How do beam position monitors detect particle beam location?","INTENT4_DOMAININFO"
"What is the purpose of a beam dump?","INTENT4_DOMAININFO"
"Explain the concept of beam luminosity.","INTENT4_DOMAININFO"
"What are cryomodules used for in accelerators?","INTENT4_DOMAININFO"
"How does an ion source generate particles?","INTENT4_DOMAININFO"
"What is the role of a klystron in an RF system?","INTENT4_DOMAININFO"
"Describe the difference between a linear accelerator and a circular accelerator.","INTENT4_DOMAININFO"
"What is a vacuum chamber's function in a particle accelerator?","INTENT4_DOMAININFO"
"How do collimators work to shape a particle beam?","INTENT4_DOMAININFO"
"Explain the concept of a particle accelerator lattice.","INTENT4_DOMAININFO"
"What is the Meissner effect in superconductivity?","INTENT4_DOMAININFO"
"How are interlocks used for safety in an accelerator?","INTENT4_DOMAININFO"
"What are the different types of particle detectors used in experiments?","INTENT4_DOMAININFO"
"Describe the process of beam injection.","INTENT4_DOMAININFO"
"What is a dipole magnet's role in beam steering?","INTENT4_DOMAININFO"
"Explain the concept of beam cooling.","INTENT4_DOMAININFO"
"What is a drift tube linac?","INTENT4_DOMAININFO"
"How does a Faraday cup measure beam current?","INTENT4_DOMAININFO"
"What is the significance of the beta function in accelerator physics?","INTENT4_DOMAININFO"
"Describe the working principle of a photoinjector.","INTENT4_DOMAININFO"
"What is the phenomenon of collective effects in particle beams?","INTENT4_DOMAININFO"
"How do sextupole magnets correct chromaticity?","INTENT4_DOMAININFO"
"Explain the concept of beam halo.","INTENT4_DOMAININFO"
"What is a cyclotron?","INTENT4_DOMAININFO"
"How does an undulator generate X-rays?","INTENT4_DOMAININFO"
"What is the purpose of a stripping foil in an accelerator?","INTENT4_DOMAININFO"
"Describe the process of vacuum conditioning.","INTENT4_DOMAININFO"
"What is the definition of beam emittance growth?","INTENT4_DOMAININFO"
"How do beam loss monitors detect lost particles?","INTENT4_DOMAININFO"
"Explain the concept of resonant frequency in RF cavities.","INTENT4_DOMAININFO"
"What is a particle collider?","INTENT4_DOMAININFO"
"How does a target assembly facilitate particle collisions?","INTENT4_DOMAININFO"
"What is the role of a kicker magnet?","INTENT4_DOMAININFO"
"Describe the principle of particle acceleration using radiofrequency fields.","INTENT4_DOMAININFO"
"What is a beam profile monitor?","INTENT4_DOMAININFO"
"How do superconducting cavities differ from normal conducting ones?","INTENT4_DOMAININFO"
"Explain the concept of transverse beam dynamics.","INTENT4_DOMAININFO"
"What is an electron gun?","INTENT4_DOMAININFO"
"How does the control system manage accelerator operations?","INTENT4_DOMAININFO"
"What is coherent synchrotron radiation?","INTENT4_DOMAININFO"
"Describe the process of beam extraction.","INTENT4_DOMAININFO"
"What is a quadrupole scan used for?","INTENT4_DOMAININFO"
"How do vacuum pumps maintain ultra-high vacuum?","INTENT4_DOMAININFO"
"Explain the concept of impedance in accelerator components.","INTENT4_DOMAININFO"
"What is the wakefield effect?","INTENT4_DOMAININFO"
"How do radiation shielding designs protect personnel?","INTENT4_DOMAININFO"
"What is the purpose of a beam current monitor?","INTENT4_DOMAININFO"
"Describe the phenomenon of Landau damping.","INTENT4_DOMAININFO"
"What is a FODO cell?","INTENT4_DOMAININFO"
"How do power converters provide stable current to magnets?","INTENT4_DOMAININFO"
"What is the significance of the transition energy in synchrotrons?","INTENT4_DOMAININFO"
"Explain the concept of particle momentum compaction.","INTENT4_DOMAININFO"
"What is an inverse Compton scattering source?","INTENT4_DOMAININFO"
"How does a beam chopper work?","INTENT4_DOMAININFO"
"What is the role of the timing system in an accelerator?","INTENT4_DOMAININFO"
"Describe the process of accelerator commissioning.","INTENT4_DOMAININFO"
"What are spallation neutrons?","INTENT4_DOMAININFO"
"How do magnet shims affect magnetic field quality?","INTENT4_DOMAININFO"
"What is the difference between a linac and a synchrotron?","INTENT4_DOMAININFO"
"Explain the concept of a beam scraper.","INTENT4_DOMAININFO"
"What is a superconducting radiofrequency (SRF) cavity?","INTENT4_DOMAININFO"
"How do beam position feedback loops work?","INTENT4_DOMAININFO"
"What is the maximum achievable energy in a cyclotron?","INTENT4_DOMAININFO"
"Describe the operation of a resonant frequency tuner.","INTENT4_DOMAININFO"
"What is the significance of the R-matrix in beam transport?","INTENT4_DOMAININFO"
"How do distributed control systems manage complex accelerator operations?","INTENT4_DOMAININFO"
"What is a beam halo monitor?","INTENT4_DOMAININFO"
"Explain the concept of a vacuum interlock.","INTENT4_DOMAININFO"
"What is the purpose of a cryo-cooler in superconducting magnets?","INTENT4_DOMAININFO"
"How do beam current transformers measure particle current?","INTENT4_DOMAININFO"
"What is the role of the master oscillator in an RF system?","INTENT4_DOMAININFO"
"Describe the principle of phase stability in synchrotrons.","INTENT4_DOMAININFO"
"What is a diagnostic beamline?","INTENT4_DOMAININFO"
"How do electron cloud effects impact beam dynamics?","INTENT4_DOMAININFO"
"What is the definition of beam loss?","INTENT4_DOMAININFO"
"Explain the concept of a kicker magnet.","INTENT4_DOMAININFO"
"What is the purpose of a beam stopper?","INTENT4_DOMAININFO"
"How do beam quality monitors assess accelerator performance?","INTENT4_DOMAININFO"
"What is the difference between a pulsed and continuous wave accelerator?","INTENT4_DOMAININFO"
"Describe the challenges of high-power beam operation.","INTENT4_DOMAININFO"
"What is the role of a beam halo scraper?","INTENT4_DOMAININFO"
"How do particle accelerators contribute to medical applications?","INTENT4_DOMAININFO"
"What is the concept of dark current in electron guns?","INTENT4_DOMAININFO"
"Explain how radiation is generated in a synchrotron.","INTENT4_DOMAININFO"
"What is the significance of the tunes in accelerator operation?","INTENT4_DOMAININFO"
"How do beam-beam interactions affect collider performance?","INTENT4_DOMAININFO"
"What is the purpose of a beam energy spectrometer?","INTENT4_DOMAININFO"
"Describe the properties of a superconducting material used in magnets.","INTENT4_DOMAININFO"
"What is a linear collider?","INTENT4_DOMAININFO"
"How does vacuum pressure affect beam lifetime?","INTENT4_DOMAININFO"
"What is the capital of France?","INTENT5_GENERALINFO"
"Tell me a joke.","INTENT5_GENERALINFO"
"What's the weather like in New York City today?","INTENT5_GENERALINFO"
"Who wrote 'Romeo and Juliet'?","INTENT5_GENERALINFO"
"Can you explain the concept of photosynthesis?","INTENT5_GENERALINFO"
"What are the benefits of exercise?","INTENT5_GENERALINFO"
"How do I bake a chocolate cake?","INTENT5_GENERALINFO"
"What's the highest mountain in the world?","INTENT5_GENERALINFO"
"Tell me about the history of the internet.","INTENT5_GENERALINFO"
"What's the population of China?","INTENT5_GENERALINFO"
"Suggest a good book to read.","INTENT5_GENERALINFO"
"What are the primary colors?","INTENT5_GENERALINFO"
"How does a car engine work?","INTENT5_GENERALINFO"
"What is artificial intelligence?","INTENT5_GENERALINFO"
"Tell me something interesting about space.","INTENT5_GENERALINFO"
"What's the largest ocean on Earth?","INTENT5_GENERALINFO"
"Who was Marie Curie?","INTENT5_GENERALINFO"
"Explain the theory of relativity in simple terms.","INTENT5_GENERALINFO"
"What is the currency of Japan?","INTENT5_GENERALINFO"
"How do airplanes fly?","INTENT5_GENERALINFO"
"What are the symptoms of a common cold?","INTENT5_GENERALINFO"
"Tell me about the Roman Empire.","INTENT5_GENERALINFO"
"What's the longest river in the world?","INTENT5_GENERALINFO"
"Who invented the light bulb?","INTENT5_GENERALINFO"
"Can you explain quantum computing?","INTENT5_GENERALINFO"
"What are the main types of renewable energy?","INTENT5_GENERALINFO"
"How do touchscreens work?","INTENT5_GENERALINFO"
"What is the speed of light?","INTENT5_GENERALINFO"
"Tell me about the Eiffel Tower.","INTENT5_GENERALINFO"
"What's the chemical symbol for water?","INTENT5_GENERALINFO"
"Suggest a good movie to watch.","INTENT5_GENERALINFO"
"What are the planets in our solar system?","INTENT5_GENERALINFO"
"How does a refrigerator cool food?","INTENT5_GENERALINFO"
"What is blockchain technology?","INTENT5_GENERALINFO"
"Tell me a fun fact about animals.","INTENT5_GENERALINFO"
"What's the most populous city in the world?","INTENT5_GENERALINFO"
"Who painted the Mona Lisa?","INTENT5_GENERALINFO"
"Explain the concept of supply and demand.","INTENT5_GENERALINFO"
"What is the highest-grossing film of all time?","INTENT5_GENERALINFO"
"How do search engines work?","INTENT5_GENERALINFO"
"What are the different types of clouds?","INTENT5_GENERALINFO"
"Tell me about the history of computers.","INTENT5_GENERALINFO"
"What's the capital of Australia?","INTENT5_GENERALINFO"
"Who discovered gravity?","INTENT5_GENERALINFO"
"Can you explain the Big Bang theory?","INTENT5_GENERALINFO"
"What are the health benefits of green tea?","INTENT5_GENERALINFO"
"How do 3D printers work?","INTENT5_GENERALINFO"
"What is photosynthesis?","INTENT5_GENERALINFO"
"Tell me about the Great Wall of China.","INTENT5_GENERALINFO"
"What's the largest desert in the world?","INTENT5_GENERALINFO"
"Who wrote 'To Kill a Mockingbird'?","INTENT5_GENERALINFO"
"Explain the concept of virtual reality.","INTENT5_GENERALINFO"
"What are the main components of a computer?","INTENT5_GENERALINFO"
"How do vaccines work?","INTENT5_GENERALINFO"
"What is climate change?","INTENT5_GENERALINFO"
"Tell me something surprising.","INTENT5_GENERALINFO"
"What's the longest word in the English language?","INTENT5_GENERALINFO"
"Who was Leonardo da Vinci?","INTENT5_GENERALINFO"
"Explain the concept of mindfulness.","INTENT5_GENERALINFO"
"What are the major rivers in Europe?","INTENT5_GENERALINFO"
"How does GPS work?","INTENT5_GENERALINFO"
"What is meditation?","INTENT5_GENERALINFO"
"Tell me about ancient Egypt.","INTENT5_GENERALINFO"
"What's the coldest place on Earth?","INTENT5_GENERALINFO"
"Who composed 'Symphony No. 5'?","INTENT5_GENERALINFO"
"Can you explain the concept of sustainable development?","INTENT5_GENERALINFO"
"What are the benefits of reading?","INTENT5_GENERALINFO"
"How do solar panels generate electricity?","INTENT5_GENERALINFO"
"What is a black hole?","INTENT5_GENERALINFO"
"Tell me a historical fact.","INTENT5_GENERALINFO"
"What's the most spoken language in the world?","INTENT5_GENERALINFO"
"Who was Albert Einstein?","INTENT5_GENERALINFO"
"Explain the concept of democracy.","INTENT5_GENERALINFO"
"What are the different types of carbohydrates?","INTENT5_GENERALINFO"
"How do credit cards work?","INTENT5_GENERALINFO"
"What is cryptocurrency?","INTENT5_GENERALINFO"
"Tell me about the Amazon rainforest.","INTENT5_GENERALINFO"
"What's the deepest point in the ocean?","INTENT5_GENERALINFO"
"Who wrote '1984'?","INTENT5_GENERALINFO"
"Explain the concept of cybersecurity.","INTENT5_GENERALINFO"
"What are the main organs of the human body?","INTENT5_GENERALINFO"
"How does a microwave oven heat food?","INTENT5_GENERALINFO"
"What is augmented reality?","INTENT5_GENERALINFO"
"Tell me a fun fact about outer space.","INTENT5_GENERALINFO"
"What's the largest island in the world?","INTENT5_GENERALINFO"
"Who discovered penicillin?","INTENT5_GENERALINFO"
"Can you explain the concept of climate zones?","INTENT5_GENERALINFO"
"How do wind turbines generate electricity?","INTENT5_GENERALINFO"
"What is a galaxy?","INTENT5_GENERALINFO"
"Tell me about the Renaissance period.","INTENT5_GENERALINFO"
"What's the smallest country in the world?","INTENT5_GENERALINFO"
"Who developed the theory of evolution?","INTENT5_GENERALINFO"
"Explain the concept of social media.","INTENT5_GENERALINFO"
"What are the benefits of learning a new language?","INTENT5_GENERALINFO"
"How do batteries work?","INTENT5_GENERALINFO"
"What is quantum entanglement?","INTENT5_GENERALINFO"
"Tell me about the history of photography.","INTENT5_GENERALINFO"
"What's the largest animal on Earth?","INTENT5_GENERALINFO"